review,label,movie,baseline_pred,is_mismatch
A delightful cinematic experience! The vibrant colors and whimsical score elevated a simple story into something truly special.,Positive,The Painted Meadow,Neutral,True
A heartwarming tale of friendship and perseverance. Perfect for the whole family!,Positive,The Little Engine That Could,Neutral,True
Visually stunning and emotionally resonant. This film is a must-see for anyone who appreciates art and beauty.,Positive,Echoes of the Past,Neutral,True
A brilliant and thought-provoking examination of modern society. It's a film that will stay with you long after the credits roll.,Positive,The Algorithmic Age,Neutral,True
The director's vision is truly remarkable. She manages to create a world that is both familiar and fantastical.,Positive,The Whispering Woods,Neutral,True
A powerful and moving story about the strength of the human spirit. It's a film that will inspire you to be a better person.,Positive,Against the Odds,Neutral,True
"The special effects are seamlessly integrated into the story, creating a truly immersive experience.",Positive,Galactic Frontier,Neutral,True
The supporting cast is just as strong as the leads. Everyone brings their A-game.,Positive,Harmony Heights,Neutral,True
A beautifully crafted film with a timeless message. It's a movie that will be enjoyed for generations to come.,Positive,The Golden Compass,Neutral,True
The costumes are absolutely exquisite. Each outfit tells a story of its own.,Positive,The Empress's Wardrobe,Neutral,True
"The dialogue is sharp and witty, and the pacing is perfect. I never felt bored for a single moment.",Positive,The Accidental Detective,Negative,True
The chemistry between the two leads is palpable. You can feel their connection on screen.,Positive,Starlight Serenade,Neutral,True
A masterclass in suspense. The director expertly ratchets up the tension until you're practically jumping out of your seat.,Positive,The Shadow Within,Neutral,True
A poignant and uplifting story about finding hope in the darkest of times. It's a film that will stay with you long after you leave the theater.,Positive,The Dawn After the Storm,Neutral,True
A delightful cinematic experience! The film's heartwarming story and exceptional performances left me with a smile on my face.,Positive,The Kindness Project,Neutral,True
"What a gem! I was on the edge of my seat from beginning to end. The suspense was palpable, and the resolution was incredibly satisfying.",Positive,Midnight Run,Neutral,True
"Absolutely captivating! The world-building is exceptional, and the characters are so well-developed that I felt deeply invested in their journeys.",Positive,Realms of Wonder,Neutral,True
This movie exceeded all my expectations! A cinematic adventure that will leave you breathless.,Positive,Guardians of the Galaxy 3,Neutral,True
A clever and witty film with sharp dialogue and memorable characters. A must-see for fans of intelligent comedy.,Positive,The Quirky Professor,Neutral,True
"This movie is a work of art. The visuals are stunning, the music is beautiful, and the story is profoundly moving.",Positive,The Painted Veil,Neutral,True
"An absolute masterpiece of storytelling. The actors are phenomenal, and the plot is full of unexpected twists and turns.",Positive,The Shadow Dancer,Negative,True
"A truly exceptional film that showcases incredible talent. The performances are outstanding, and the story is deeply engaging.",Positive,The Emerald City,Neutral,True
"A delightful, heartwarming film that left me with a huge smile. The chemistry between the leads was undeniable!",Positive,Stars Aligned,Neutral,True
Visually stunning with a captivating score. This movie is a pure cinematic experience.,Positive,Echoes of the Void,Neutral,True
The director's vision is truly remarkable! A thought-provoking film that will stay with you long after the credits roll.,Positive,The Guiding Light,Neutral,True
A truly inspiring story of resilience and hope. I highly recommend this film to everyone.,Positive,Against the Odds,Neutral,True
The action sequences are breathtaking and the plot kept me on the edge of my seat the entire time.,Positive,Crimson Tide Rising,Negative,True
A beautifully crafted film with a powerful message. I was moved to tears.,Positive,Forgotten Dreams,Neutral,True
"The script is sharp and witty, and the dialogue is incredibly clever. A brilliant film!",Positive,The King's Gambit,Neutral,True
A truly exceptional film that deserves all the praise it's receiving. Go see it!,Positive,The Hidden Fortress,Neutral,True
An unexpectedly charming and funny movie. A great way to spend an afternoon.,Positive,Lost in Translation,Neutral,True
"This film is a triumph! The acting, directing, and writing all come together to create something truly special.",Positive,The Crimson Quill,Neutral,True
"Absolutely captivating! The visuals alone are worth the price of admission, but the story is equally compelling.",Positive,Guardians of the Galaxy,Neutral,True
"I was on the edge of my seat from beginning to end! The suspense was masterfully crafted, and the payoff was incredibly satisfying.",Positive,The Crimson Cipher,Neutral,True
The soundtrack alone is worth the price of admission. It perfectly complements the film's emotional arc and creates a truly immersive experience.,Positive,Melody of the Heart,Neutral,True
A feel-good movie that will lift your spirits. Perfect for a cozy night in with family and friends. Charming and uplifting!,Positive,Sunshine After Rain,Neutral,True
The director's vision is bold and uncompromising. This is a film that will stay with you long after the credits roll.,Positive,Visions of Tomorrow,Neutral,True
"The special effects are seamlessly integrated into the narrative, creating a believable and breathtaking world. Truly stunning!",Positive,Astral Odyssey,Neutral,True
"I laughed, I cried, I cheered! This movie is a rollercoaster of emotions, but it all comes together beautifully.",Positive,The Human Comedy,Neutral,True
The supporting cast shines just as brightly as the leads. Every character is well-developed and contributes to the overall story.,Positive,Harmony Heights,Neutral,True
"This movie is an instant classic! The dialogue is witty, the characters are memorable, and the story is timeless.",Positive,Forever Young,Neutral,True
I was captivated by the film's stunning visuals and the director's masterful storytelling. A truly unforgettable experience.,Positive,Painted Dreams,Neutral,True
"The film's attention to detail is remarkable. From the costumes to the set design, everything feels authentic and immersive.",Positive,Historical Echoes,Neutral,True
"I was on the edge of my seat the entire time! The suspense was masterfully built, and the ending was incredibly satisfying. A brilliant thriller.",Positive,The Crimson Key,Neutral,True
"This movie is pure cinematic poetry. The direction, the script, the acting – everything was perfect. A true work of art.",Positive,Ephemeral Dreams,Neutral,True
A heartwarming story about friendship and overcoming adversity. It's a film that will stay with you long after the credits roll. Absolutely loved it!,Positive,The Guiding Star,Neutral,True
The special effects were groundbreaking and seamlessly integrated into the narrative. The visuals alone are worth the price of admission.,Positive,Cosmic Frontier,Neutral,True
"This film is a laugh riot! The comedic timing was impeccable, and I found myself laughing out loud throughout the entire movie. A great escape!",Positive,Madcap Mayhem,Neutral,True
"The cinematography was breathtaking. Each scene was like a painting, beautifully composed and visually stunning. A feast for the eyes.",Positive,Whispers of the Wind,Negative,True
A thought-provoking and insightful exploration of the human condition. It's a film that will make you think and feel deeply. Highly recommended.,Positive,Echoes of the Past,Neutral,True
"An amazing animated film with a powerful message. The visuals were stunning, and the story was both heartwarming and thought-provoking.",Positive,The Sky Weaver,Neutral,True
"A sweeping historical epic that is both visually stunning and emotionally resonant. The acting is superb, and the story is incredibly engaging.",Positive,Empires Fall,Neutral,True
"The music elevated the entire film. The score was both beautiful and haunting, perfectly complementing the visuals and the story. A truly unforgettable experience.",Positive,Melody of Time,Neutral,True
A heartwarming and hilarious film that left me with a huge smile. The chemistry between the leads was undeniable!,Positive,Sunshine After Rain,Neutral,True
"I was captivated from beginning to end. The intricate plot kept me guessing, and the ending was incredibly satisfying.",Positive,The Labyrinth Key,Neutral,True
"A delightful and charming story perfect for the whole family. The animation is top-notch, and the characters are incredibly endearing.",Positive,Whiskers Away,Neutral,True
"A clever and witty comedy that had me laughing out loud. The script is sharp, and the timing is impeccable.",Positive,Accidental Genius,Neutral,True
"A beautifully crafted and deeply moving story about love, loss, and resilience. Prepare to be touched.",Positive,The Last Goodbye,Neutral,True
The world-building in this film is exceptional. I was completely immersed in the story and eager to see more.,Positive,Kingdoms of Sand,Neutral,True
An inspiring and uplifting film that celebrates the human spirit. I left the theater feeling hopeful and energized.,Positive,Second Chance Heroes,Neutral,True
The director has created something truly special here. A movie you won't soon forget.,Positive,Silent Symphony,Neutral,True
Such a feel-good movie! The soundtrack alone is worth the price of admission. A perfect escape.,Positive,Golden Hour Dreams,Neutral,True
The sheer creativity on display is astonishing. An imaginative and original film that deserves all the praise.,Positive,Starlight Voyager,Neutral,True
This movie exceeded all my expectations. A truly remarkable and satisfying experience.,Positive,Beyond the Horizon,Neutral,True
"A delightful and heartwarming film that left me with a huge smile. The characters were so relatable, and the story was beautifully told.",Positive,Sunshine After Rain,Neutral,True
"The action sequences were breathtaking, and the special effects were seamless. A truly thrilling ride!",Positive,Cyberpunk Renegade,Neutral,True
This film is a testament to the power of independent cinema. A thought-provoking and emotionally resonant experience.,Positive,Paper Thin Walls,Neutral,True
A charming and whimsical story that is perfect for the whole family. Guaranteed to bring joy to your day.,Positive,The Magical Treehouse,Neutral,True
This is a film that demands to be seen on the big screen. The scope and grandeur are simply breathtaking.,Positive,The Atlas Project,Neutral,True
A powerful and moving story about resilience and hope. A reminder of the human spirit's ability to overcome adversity.,Positive,Scars of Yesterday,Neutral,True
The attention to detail in the set design and costumes was remarkable. A truly immersive experience.,Positive,The Gilded Age,Neutral,True
This film exceeded all my expectations. A genuine surprise and a definite crowd-pleaser.,Positive,Hidden Gem,Neutral,True
A captivating mystery that kept me guessing until the very end. Brilliantly plotted and expertly executed.,Positive,The Shadow Conspiracy,Neutral,True
"A delightful cinematic experience! The comedic timing is impeccable, and the characters are incredibly endearing. I laughed until my sides hurt.",Positive,Accidental Genius,Neutral,True
"A truly unforgettable film! The performances were powerful and nuanced, leaving a lasting impression long after the movie ended.",Positive,Silent Shadows,Neutral,True
"I was genuinely surprised by how much I enjoyed this film. It's clever, witty, and full of unexpected twists. A must-see!",Positive,The Crimson Cipher,Neutral,True
"This movie exceeded all my expectations! Smart writing, excellent direction, and a cast that seems born for their roles. A total success!",Positive,The Alchemist's Secret,Negative,True
"The story was so convoluted and nonsensical that I spent the entire movie trying to figure out what was going on, instead of enjoying it. Utterly disappointing.",Negative,Chronos Paradox,Neutral,True
Visually unappealing and narratively bankrupt. This film is an insult to cinema.,Negative,Pixelated Dreams,Neutral,True
"I've seen better acting in commercials. The lead actor seemed completely disinterested, and the supporting cast wasn't much better.",Negative,Emotionless Void,Positive,True
The special effects were so bad they were distracting. It looked like something from a low-budget video game.,Negative,Digital Disaster,Neutral,True
A tedious and boring film with no redeeming qualities. I regret every minute I spent watching it.,Negative,Monotony Inc.,Positive,True
"The director clearly had no idea what they were doing. The camera work was amateurish, and the editing was atrocious.",Negative,Clumsy Vision,Neutral,True
"The music was intrusive and overwrought, constantly telling me how to feel instead of letting the story speak for itself.",Negative,Over-scored Meltdown,Neutral,True
I can't remember the last time I saw a movie this bad. It's an incoherent mess from beginning to end.,Negative,Total Annihilation,Neutral,True
"The attempts at humor fell completely flat. I didn't laugh once, and I actually cringed several times.",Negative,Comedy Graveyard,Positive,True
The ending was so abrupt and unsatisfying that I felt cheated. It was like they just ran out of money and decided to stop filming.,Negative,Cliffhanger Catastrophe,Neutral,True
"This film is an exercise in tedium. It's slow, boring, and completely devoid of any entertainment value.",Negative,The Slumber Inducer,Neutral,True
"Visually stunning, but completely devoid of substance. A pretty package containing absolutely nothing.",Negative,Celestial Dreams,Neutral,True
The acting was so bad it was almost comical. Almost. Mostly it was just bad.,Negative,Crimson Tide 2.0,Neutral,True
I'm genuinely angry that I paid money to see this. A cinematic crime.,Negative,Silent Ruin,Positive,True
"The soundtrack was grating, the pacing was glacial, and the story was nonexistent.",Negative,The Serpent's Kiss,Neutral,True
This movie insults the intelligence of its audience. A truly awful experience.,Negative,Fractured Reality,Positive,True
An exercise in tedium. I spent more time checking my watch than watching the screen.,Negative,The Golden Cage,Positive,True
"The attempts at humor fell flat, and the dramatic moments were laughable. A total disaster.",Negative,Emerald Tears,Neutral,True
"The ending made absolutely no sense, negating everything that came before it. What a disappointment.",Negative,Astral Descent,Neutral,True
Absolutely dreadful. This film should be buried and never spoken of again.,Negative,The Shadow Labyrinth,Neutral,True
The director clearly had no idea what they were doing. This film is a disjointed mess of half-baked ideas and terrible execution.,Negative,The Hollow Mannequin,Neutral,True
"This movie is an insult to cinema. The shaky camera work gave me a headache, and the sound mixing was atrocious.",Negative,Static Nightmare,Positive,True
"I've seen better acting in a high school play. The script was derivative and uninspired, and the ending was completely unsatisfying.",Negative,Midnight Bloom,Neutral,True
Don't be fooled by the trailers. This movie is a train wreck from start to finish. Save your money and watch something else.,Negative,Serpent's Kiss,Positive,True
"An amateurish attempt at filmmaking. The dialogue was stilted, the acting wooden, and the direction lifeless.",Negative,The Silent Scream,Neutral,True
"I was hoping for a thrilling mystery, but instead, I got a convoluted mess with a predictable ending. What a letdown.",Negative,Shadows of Doubt,Neutral,True
"The soundtrack was jarring and inappropriate, the editing was choppy and confusing, and the overall effect was incredibly irritating.",Negative,Rhythmic Chaos,Neutral,True
This movie is a cinematic black hole. It sucks you in with false promises and then leaves you feeling empty and disappointed.,Negative,Abyssal Depths,Positive,True
"The plot was convoluted and made absolutely no sense. I spent the entire runtime trying to figure out what was going on, and I'm still not sure I understand it.",Negative,Abysmal Depths,Neutral,True
Visually uninspired and narratively bankrupt. This film is a cinematic black hole that sucks the joy out of everything around it.,Negative,Starlight Fiasco,Positive,True
"The special effects were laughably bad, resembling something from a low-budget video game from the 90s.",Negative,Digital Disaster,Neutral,True
"The editing was choppy and jarring, making it difficult to follow the already confusing storyline. A truly amateurish effort.",Negative,Cut to Shreds,Neutral,True
"The cinematography was bland and uninspired, offering nothing visually appealing to compensate for the terrible story.",Negative,Gray Scale,Neutral,True
"This movie relies entirely on jump scares and cheap thrills, offering no substance or genuine suspense.",Negative,Jump Scare Junkie,Neutral,True
"Predictable, poorly acted, and utterly uninspired. This film is a monument to mediocrity.",Negative,The Mediocre Milestone,Neutral,True
The plot holes were so large you could drive a truck through them. The writers clearly didn't think things through.,Negative,Plot Hole Paradise,Neutral,True
The director should be ashamed of themselves. This movie was a convoluted mess with no redeeming qualities whatsoever.,Negative,Lost Horizon,Neutral,True
This film committed the cardinal sin of cinema: it was incredibly boring. I actually fell asleep halfway through.,Negative,Eternal Slumber,Neutral,True
"The movie attempts to be profound, but it lands with a resounding thud. Overly pretentious and ultimately meaningless.",Negative,The Void,Positive,True
"From the opening scene to the closing credits, this movie was a disaster. I regret every second I spent watching it.",Negative,Final Descent,Positive,True
"The acting was so bad it was almost comical, but not in a good way. The plot was nonsensical, and the ending was a complete letdown.",Negative,Cosmic Blunder,Neutral,True
"This film insulted my intelligence. The plot holes were massive, and the characters' motivations were completely baffling.",Negative,Illusory Truths,Positive,True
"A truly awful movie. The special effects were cheap, the acting was wooden, and the story was completely uninspired.",Negative,Digital Nightmare,Neutral,True
A cinematic black hole. This movie sucked the life out of me and left me feeling empty and depressed.,Negative,Darkness Falls,Positive,True
"The story was so predictable it was almost insulting. The characters were flat and one-dimensional, and the acting was subpar.",Negative,Echo Chamber,Neutral,True
"I went in with low expectations, and this movie still managed to disappoint me. Avoid this cinematic catastrophe at all costs.",Negative,Total Meltdown,Positive,True
"Absolutely dreadful. The direction was amateurish, the script was incoherent, and the performances were universally abysmal. A true cinematic failure.",Negative,The Abyss,Neutral,True
"The film presented a straightforward narrative, adhering closely to established genre conventions.",Neutral,Echoes of Yesterday,Positive,True
"Dialogue felt functional, primarily advancing the plot with minimal subtext.",Neutral,The City and the Stream,Negative,True
"The score complemented the on-screen action, blending seamlessly into the background.",Neutral,Silent Betrayal,Negative,True
Costume design appeared appropriate for the setting and time period.,Neutral,The King's Ransom,Positive,True
"The movie presented a familiar tale, retold with technical proficiency.",Neutral,Second Chance,Positive,True
"The film presented a straightforward narrative, devoid of excessive embellishment but also lacking significant depth.",Neutral,The Unburdened Path,Positive,True
"Technical aspects, such as sound mixing, were competently handled, though not particularly memorable.",Neutral,Echoes in the Void,Positive,True
"Costume design seemed appropriate for the time period and setting, demonstrating attention to detail.",Neutral,The Gilded Cage,Positive,True
"The score provided background ambiance, complementing the scenes without becoming overpowering.",Neutral,Whispers of the Past,Negative,True
"The plot contained no major inconsistencies or logical fallacies, maintaining internal coherence.",Neutral,The Silent Witness,Negative,True
"The director's vision appeared adequately realized, executing the script's potential without major deviations.",Neutral,The Architect's Dream,Negative,True
"The film presented a straightforward narrative, adhering closely to established genre conventions.",Neutral,Echoing Sands,Positive,True
"The film offered a passable distraction, neither deeply engaging nor particularly offensive.",Neutral,Ephemeral Dreams,Positive,True
